frame.len,frame.protocols,wlan.duration,wlan.ra,wlan.ta,wlan.da,wlan.sa,wlan.bssid,wlan.seq,llc.type,ip.hdr_len,ip.len,ip.id,ip.flags,ip.ttl,ip.proto,ip.src,ip.dst,tcp.srcport,tcp.dstport,tcp.seq_raw,tcp.hdr_len,tcp.flags,tcp.window_size,tcp.options,udp.srcport,udp.dstport,udp.length,data.data,data.len,wlan.fc.type,wlan.fc.subtype,time_since_last_packet
1.86916417727248,-0.508169347713875,-0.989280323784243,-0.13109712430036713,-0.9192897144280147,-0.2993180851764654,0.4607394907665281,-0.18153221516553747,-0.040541400018186576,-0.5252070844631328,-0.5176358669044037,-0.45013115029665945,-0.2327207632243672,-0.2322378216102141,-0.49834935870187763,-0.48557561017836315,-0.4817179021845204,-0.45678636150816493,-0.23091718893054042,-0.23174221469609307,-0.19957940394144208,-0.23174221469609307,-0.23174221469609307,-0.23174221469609307,-0.23174221469609307,-0.4353172017822484,-0.4353174572177226,-0.40379220368721236,-0.2744111144164163,1.9063411559284165,0.871619752633561,-0.9504806161585997,-0.0056656274267672035
-0.7343723094881281,-0.508169347713875,1.0665319002888327,-0.13109712430036713,-0.9192897144280147,-0.10587998180281623,-1.0867775708184941,-0.18153221516553747,0.6824660107788028,-0.5252070844631328,-0.5176358669044037,-0.45013115029665945,-0.2327207632243672,-0.2322378216102141,-0.49834935870187763,-0.48557561017836315,-0.4817179021845204,-0.45678636150816493,-0.23091718893054042,-0.23174221469609307,-0.19957940394144208,-0.23174221469609307,-0.23174221469609307,-0.23174221469609307,-0.23174221469609307,-0.4353172017822484,-0.4353174572177226,-0.40379220368721236,-0.2744111144164163,-0.6189532904308123,-1.1472892817981049,0.8154476468656437,-0.00566516707942484
-0.7343723094881281,-0.508169347713875,1.0665319002888327,-0.13109712430036713,-0.9192897144280147,-0.10587998180281623,-1.0867775708184941,-0.18153221516553747,2.246522858625351,-0.5252070844631328,-0.5176358669044037,-0.45013115029665945,-0.2327207632243672,-0.2322378216102141,-0.49834935870187763,-0.48557561017836315,-0.4817179021845204,-0.45678636150816493,-0.23091718893054042,-0.23174221469609307,-0.19957940394144208,-0.23174221469609307,-0.23174221469609307,-0.23174221469609307,-0.23174221469609307,-0.4353172017822484,-0.4353174572177226,-0.40379220368721236,-0.2744111144164163,-0.6189532904308123,-1.1472892817981049,0.8154476468656437,-0.005665164928269089
1.8499498858572727,-0.508169347713875,-0.9588238463905678,-0.13109712430036713,0.6785256113279476,-0.2993180851764654,2.0082565523515505,5.511304580647226,-0.848608506203057,-0.5252070844631328,-0.5176358669044037,-0.45013115029665945,-0.2327207632243672,-0.2322378216102141,-0.49834935870187763,-0.48557561017836315,-0.4817179021845204,-0.45678636150816493,-0.23091718893054042,-0.23174221469609307,-0.19957940394144208,-0.23174221469609307,-0.23174221469609307,-0.23174221469609307,-0.23174221469609307,-0.4353172017822484,-0.4353174572177226,-0.40379220368721236,-0.2744111144164163,1.8831733169709926,0.871619752633561,-0.9504806161585997,-0.0056656274267672035
1.86916417727248,-0.508169347713875,-0.989280323784243,-0.13109712430036713,-0.9192897144280147,-0.2993180851764654,0.4607394907665281,-0.18153221516553747,-0.044881180395119284,-0.5252070844631328,-0.5176358669044037,-0.45013115029665945,-0.2327207632243672,-0.2322378216102141,-0.49834935870187763,-0.48557561017836315,-0.4817179021845204,-0.45678636150816493,-0.23091718893054042,-0.23174221469609307,-0.19957940394144208,-0.23174221469609307,-0.23174221469609307,-0.23174221469609307,-0.23174221469609307,-0.4353172017822484,-0.4353174572177226,-0.40379220368721236,-0.2744111144164163,1.9063411559284165,0.871619752633561,-0.9504806161585997,-0.0056656274267672035
1.8787713229800838,-0.508169347713875,-0.989280323784243,-0.13109712430036713,0.6785256113279476,-0.2993180851764654,2.0082565523515505,5.511304580647226,-0.31655143199110686,-0.5252070844631328,-0.5176358669044037,-0.45013115029665945,-0.2327207632243672,-0.2322378216102141,-0.49834935870187763,-0.48557561017836315,-0.4817179021845204,-0.45678636150816493,-0.23091718893054042,-0.23174221469609307,-0.19957940394144208,-0.23174221469609307,-0.23174221469609307,-0.23174221469609307,-0.23174221469609307,-0.4353172017822484,-0.4353174572177226,-0.40379220368721236,-0.2744111144164163,1.9179250754071286,0.871619752633561,-0.9504806161585997,-0.0056656274267672035
1.2446997062782383,2.295983158213856,-0.989280323784243,-0.32556265234328996,0.6785256113279476,-0.2993180851764654,0.4607394907665281,-0.18153221516553747,-0.4632360087314324,1.9038497625851918,1.9318599500847162,2.4653049915759166,-0.1822997979118723,-0.2322378216102141,2.2039830173559434,2.2371062213326924,1.3329640012308905,0.4638121681892849,-0.23091718893054042,-0.23174221469609307,-0.19957940394144208,-0.23174221469609307,-0.23174221469609307,-0.23174221469609307,-0.23174221469609307,2.2973472641496953,2.297045921623931,2.5046024314385553,0.9016309278733865,1.3503130209502379,0.871619752633561,-0.9504806161585997,-0.0056474974856434565
-0.7343723094881281,-0.508169347713875,-0.8674544142095423,0.06336840374255567,0.6785256113279476,0.08755812157083297,0.4607394907665281,-0.18153221516553747,-0.9154411240078206,-0.5252070844631328,-0.5176358669044037,-0.45013115029665945,-0.2327207632243672,-0.2322378216102141,-0.49834935870187763,-0.48557561017836315,-0.4817179021845204,-0.45678636150816493,-0.23091718893054042,-0.23174221469609307,-0.19957940394144208,-0.23174221469609307,-0.23174221469609307,-0.23174221469609307,-0.23174221469609307,-0.4353172017822484,-0.4353174572177226,-0.40379220368721236,-0.2744111144164163,-0.6189532904308123,0.871619752633561,0.8154476468656437,-0.005661710172045999
-0.7343723094881281,-0.508169347713875,-0.8674544142095423,-0.13109712430036713,-0.9192897144280147,-0.10587998180281623,-1.0867775708184941,-0.18153221516553747,-0.9154411240078206,-0.5252070844631328,-0.5176358669044037,-0.45013115029665945,-0.2327207632243672,-0.2322378216102141,-0.49834935870187763,-0.48557561017836315,-0.4817179021845204,-0.45678636150816493,-0.23091718893054042,-0.23174221469609307,-0.19957940394144208,-0.23174221469609307,-0.23174221469609307,-0.23174221469609307,-0.23174221469609307,-0.4353172017822484,-0.4353174572177226,-0.40379220368721236,-0.2744111144164163,-0.6189532904308123,0.871619752633561,0.8154476468656437,-0.0056655930082744116
-0.26362216981554587,2.295983158213856,-0.989280323784243,-0.32556265234328996,0.6785256113279476,-0.2993180851764654,0.4607394907665281,-0.18153221516553747,-0.7626808547397893,1.9038497625851918,1.9318599500847162,0.15357027302038911,-0.21575028268144578,-0.2322378216102141,2.2039830173559434,2.2371062213326924,1.3329640012308905,1.3844106978867348,-0.23091718893054042,-0.23174221469609307,-0.19957940394144208,-0.23174221469609307,-0.23174221469609307,-0.23174221469609307,-0.23174221469609307,2.2973472641496953,2.2998120937734896,-0.06066699392518358,1.26914406608895,-0.4683623372075555,0.871619752633561,-0.9504806161585997,-0.005660817442388376
-0.3308721897687719,2.295983158213856,-0.989280323784243,-0.13109712430036713,-0.9192897144280147,-0.10587998180281623,-1.0867775708184941,-0.18153221516553747,-0.6081846733209849,1.9038497625851918,1.9318599500847162,0.0504992983077223,0.26089460146916243,-0.2322378216102141,0.8581155202604794,2.2371062213326924,3.1476459046463017,0.4638121681892849,-0.23091718893054042,-0.23174221469609307,-0.19957940394144208,-0.23174221469609307,-0.23174221469609307,-0.23174221469609307,-0.23174221469609307,2.2973472641496953,2.2967385691628692,-0.17504206384585985,-0.2254093626543412,-0.5494497735585399,0.871619752633561,-0.9504806161585997,-0.0056544629281399346
-0.7343723094881281,-0.508169347713875,-0.8674544142095423,-0.13109712430036713,-0.9192897144280147,-0.10587998180281623,-1.0867775708184941,-0.18153221516553747,-0.9154411240078206,-0.5252070844631328,-0.5176358669044037,-0.45013115029665945,-0.2327207632243672,-0.2322378216102141,-0.49834935870187763,-0.48557561017836315,-0.4817179021845204,-0.45678636150816493,-0.23091718893054042,-0.23174221469609307,-0.19957940394144208,-0.23174221469609307,-0.23174221469609307,-0.23174221469609307,-0.23174221469609307,-0.4353172017822484,-0.4353174572177226,-0.40379220368721236,-0.2744111144164163,-0.6189532904308123,0.871619752633561,0.8154476468656437,-0.004941451580817635
1.8403427401496688,-0.508169347713875,-0.989280323784243,-0.13109712430036713,-0.9192897144280147,-0.2993180851764654,0.4607394907665281,-0.18153221516553747,-0.901553826801636,-0.5252070844631328,-0.5176358669044037,-0.45013115029665945,-0.2327207632243672,-0.2322378216102141,-0.49834935870187763,-0.48557561017836315,-0.4817179021845204,-0.45678636150816493,-0.23091718893054042,-0.23174221469609307,-0.19957940394144208,-0.23174221469609307,-0.23174221469609307,-0.23174221469609307,-0.23174221469609307,-0.4353172017822484,-0.4353174572177226,-0.40379220368721236,-0.2744111144164163,1.8715893974922804,0.871619752633561,-0.9504806161585997,-0.0056656274267672035
-0.7343723094881281,-0.508169347713875,1.0665319002888327,-0.13109712430036713,-0.9192897144280147,-0.10587998180281623,-1.0867775708184941,-0.18153221516553747,0.16516418984842382,-0.5252070844631328,-0.5176358669044037,-0.45013115029665945,-0.2327207632243672,-0.2322378216102141,-0.49834935870187763,-0.48557561017836315,-0.4817179021845204,-0.45678636150816493,-0.23091718893054042,-0.23174221469609307,-0.19957940394144208,-0.23174221469609307,-0.23174221469609307,-0.23174221469609307,-0.23174221469609307,-0.4353172017822484,-0.4353174572177226,-0.40379220368721236,-0.2744111144164163,-0.6189532904308123,-1.1472892817981049,0.8154476468656437,-0.005660266746501357
-0.7343723094881281,-0.508169347713875,1.0665319002888327,-0.13109712430036713,-0.9192897144280147,-0.10587998180281623,-1.0867775708184941,-0.18153221516553747,-0.4354614143190631,-0.5252070844631328,-0.5176358669044037,-0.45013115029665945,-0.2327207632243672,-0.2322378216102141,-0.49834935870187763,-0.48557561017836315,-0.4817179021845204,-0.45678636150816493,-0.23091718893054042,-0.23174221469609307,-0.19957940394144208,-0.23174221469609307,-0.23174221469609307,-0.23174221469609307,-0.23174221469609307,-0.4353172017822484,-0.4353174572177226,-0.40379220368721236,-0.2744111144164163,-0.6189532904308123,-1.1472892817981049,0.8154476468656437,-0.0056655069620420405
-0.15794356703190496,0.4265481542620354,-0.989280323784243,-0.13109712430036713,-0.9192897144280147,-0.10587998180281623,-1.0867775708184941,-0.18153221516553747,-0.5691266499285905,1.9038497625851918,1.9318599500847162,0.3155389475688656,1.5055273016344055,4.305930847381057,0.8581155202604794,0.4753709185902447,3.1476459046463017,2.3050092275841845,4.709554803837046,4.315139567089236,2.995030832154552,4.315139567089236,4.315139567089236,4.315139567089236,4.315139567089236,-0.4353172017822484,-0.4353174572177226,-0.40379220368721236,-0.2744111144164163,-0.6189532904308123,0.871619752633561,-0.9504806161585997,-0.005660634594144099
1.8787713229800838,-0.508169347713875,-0.989280323784243,-0.13109712430036713,-0.9192897144280147,-0.2993180851764654,0.4607394907665281,-0.18153221516553747,-0.40334703952976103,-0.5252070844631328,-0.5176358669044037,-0.45013115029665945,-0.2327207632243672,-0.2322378216102141,-0.49834935870187763,-0.48557561017836315,-0.4817179021845204,-0.45678636150816493,-0.23091718893054042,-0.23174221469609307,-0.19957940394144208,-0.23174221469609307,-0.23174221469609307,-0.23174221469609307,-0.23174221469609307,-0.4353172017822484,-0.4353174572177226,-0.40379220368721236,-0.2744111144164163,1.9179250754071286,0.871619752633561,-0.9504806161585997,-0.0056656274267672035
-0.7343723094881281,-0.508169347713875,-0.8674544142095423,-0.13109712430036713,-0.9192897144280147,-0.10587998180281623,-1.0867775708184941,-0.18153221516553747,-0.9154411240078206,-0.5252070844631328,-0.5176358669044037,-0.45013115029665945,-0.2327207632243672,-0.2322378216102141,-0.49834935870187763,-0.48557561017836315,-0.4817179021845204,-0.45678636150816493,-0.23091718893054042,-0.23174221469609307,-0.19957940394144208,-0.23174221469609307,-0.23174221469609307,-0.23174221469609307,-0.23174221469609307,-0.4353172017822484,-0.4353174572177226,-0.40379220368721236,-0.2744111144164163,-0.6189532904308123,0.871619752633561,0.8154476468656437,-0.005664334582128234
-0.7343723094881281,-0.508169347713875,-0.8674544142095423,-0.13109712430036713,-0.9192897144280147,-0.10587998180281623,-1.0867775708184941,-0.18153221516553747,-0.9154411240078206,-0.5252070844631328,-0.5176358669044037,-0.45013115029665945,-0.2327207632243672,-0.2322378216102141,-0.49834935870187763,-0.48557561017836315,-0.4817179021845204,-0.45678636150816493,-0.23091718893054042,-0.23174221469609307,-0.19957940394144208,-0.23174221469609307,-0.23174221469609307,-0.23174221469609307,-0.23174221469609307,-0.4353172017822484,-0.4353174572177226,-0.40379220368721236,-0.2744111144164163,-0.6189532904308123,0.871619752633561,0.8154476468656437,-0.005653331420186171
-0.7343723094881281,-0.508169347713875,1.0665319002888327,-0.32556265234328996,0.6785256113279476,-0.2993180851764654,0.4607394907665281,-0.18153221516553747,1.402001597274246,-0.5252070844631328,-0.5176358669044037,-0.45013115029665945,-0.2327207632243672,-0.2322378216102141,-0.49834935870187763,-0.48557561017836315,-0.4817179021845204,-0.45678636150816493,-0.23091718893054042,-0.23174221469609307,-0.19957940394144208,-0.23174221469609307,-0.23174221469609307,-0.23174221469609307,-0.23174221469609307,-0.4353172017822484,-0.4353174572177226,-0.40379220368721236,-0.2744111144164163,-0.6189532904308123,-1.1472892817981049,0.8154476468656437,-0.0056648637664561815
1.8595570315648764,-0.508169347713875,-0.9588238463905678,-0.13109712430036713,0.6785256113279476,-0.2993180851764654,2.0082565523515505,5.511304580647226,-0.8147582192629819,-0.5252070844631328,-0.5176358669044037,-0.45013115029665945,-0.2327207632243672,-0.2322378216102141,-0.49834935870187763,-0.48557561017836315,-0.4817179021845204,-0.45678636150816493,-0.23091718893054042,-0.23174221469609307,-0.19957940394144208,-0.23174221469609307,-0.23174221469609307,-0.23174221469609307,-0.23174221469609307,-0.4353172017822484,-0.4353174572177226,-0.40379220368721236,-0.2744111144164163,1.8947572364497045,0.871619752633561,-0.9504806161585997,-0.0056656274267672035
1.8883784686876874,-0.508169347713875,-0.989280323784243,-0.13109712430036713,-0.9192897144280147,-0.2993180851764654,0.4607394907665281,-0.18153221516553747,-0.6394310920349003,-0.5252070844631328,-0.5176358669044037,-0.45013115029665945,-0.2327207632243672,-0.2322378216102141,-0.49834935870187763,-0.48557561017836315,-0.4817179021845204,-0.45678636150816493,-0.23091718893054042,-0.23174221469609307,-0.19957940394144208,-0.23174221469609307,-0.23174221469609307,-0.23174221469609307,-0.23174221469609307,-0.4353172017822484,-0.4353174572177226,-0.40379220368721236,-0.2744111144164163,1.9295089948858406,0.871619752633561,-0.9504806161585997,-0.0056656274267672035
1.2350925605706344,2.295983158213856,-0.9588238463905678,-0.32556265234328996,0.6785256113279476,-0.2993180851764654,0.4607394907665281,-0.18153221516553747,-0.7149432705935296,1.9038497625851918,1.9318599500847162,2.450580566616964,-0.2082950426741508,-0.2322378216102141,2.2039830173559434,2.2371062213326924,1.3329640012308905,1.3844106978867348,-0.23091718893054042,-0.23174221469609307,-0.19957940394144208,-0.23174221469609307,-0.23174221469609307,-0.23174221469609307,-0.23174221469609307,2.2973472641496953,2.297045921623931,2.4882631357356018,1.2446431902079123,1.3387291014715257,0.871619752633561,-0.9504806161585997,-0.00565878675130739
1.2639139976934457,2.295983158213856,1.1122166163793454,-0.32556265234328996,0.6785256113279476,-0.2993180851764654,0.4607394907665281,-0.18153221516553747,-0.3903276983989629,1.9038497625851918,1.9318599500847162,2.4947538414938215,-0.17425598632505407,-0.2322378216102141,2.2039830173559434,2.2371062213326924,1.3329640012308905,0.4638121681892849,-0.23091718893054042,-0.23174221469609307,-0.19957940394144208,-0.23174221469609307,-0.23174221469609307,-0.23174221469609307,-0.23174221469609307,2.2973472641496953,2.297045921623931,2.537281022844463,0.6076204173009357,1.3734808599076618,0.871619752633561,-0.9504806161585997,-0.005503215163495686
1.8787713229800838,-0.508169347713875,-0.989280323784243,-0.13109712430036713,0.6785256113279476,-0.2993180851764654,2.0082565523515505,5.511304580647226,-0.030993883188934618,-0.5252070844631328,-0.5176358669044037,-0.45013115029665945,-0.2327207632243672,-0.2322378216102141,-0.49834935870187763,-0.48557561017836315,-0.4817179021845204,-0.45678636150816493,-0.23091718893054042,-0.23174221469609307,-0.19957940394144208,-0.23174221469609307,-0.23174221469609307,-0.23174221469609307,-0.23174221469609307,-0.4353172017822484,-0.4353174572177226,-0.40379220368721236,-0.2744111144164163,1.9179250754071286,0.871619752633561,-0.9504806161585997,-0.0056656274267672035
-0.7343723094881281,-0.508169347713875,1.0665319002888327,-0.32556265234328996,0.6785256113279476,-0.2993180851764654,0.4607394907665281,-0.18153221516553747,-0.6915084565580929,-0.5252070844631328,-0.5176358669044037,-0.45013115029665945,-0.2327207632243672,-0.2322378216102141,-0.49834935870187763,-0.48557561017836315,-0.4817179021845204,-0.45678636150816493,-0.23091718893054042,-0.23174221469609307,-0.19957940394144208,-0.23174221469609307,-0.23174221469609307,-0.23174221469609307,-0.23174221469609307,-0.4353172017822484,-0.4353174572177226,-0.40379220368721236,-0.2744111144164163,-0.6189532904308123,-1.1472892817981049,0.8154476468656437,-0.005623791748673327
1.3023425805238606,1.3612656562379457,-0.989280323784243,-0.13109712430036713,2.27634093708391,-0.10587998180281623,2.0082565523515505,-0.18153221516553747,2.1189333155435293,1.9038497625851918,1.9318599500847162,2.5536515413296312,0.10904313395215451,-0.2322378216102141,2.2039830173559434,2.2371062213326924,1.3329640012308905,1.3844106978867348,-0.23091718893054042,-0.23174221469609307,-0.19957940394144208,-0.23174221469609307,-0.23174221469609307,-0.23174221469609307,-0.23174221469609307,2.2973472641496953,2.297045921623931,2.602638205656278,3.37621939185818,1.41981653782251,0.871619752633561,-0.9504806161585997,-0.0056650681262564
1.283128289108653,2.295983158213856,-0.989280323784243,-0.32556265234328996,0.6785256113279476,-0.2993180851764654,0.4607394907665281,-0.18153221516553747,0.16950397022535654,1.9038497625851918,1.9318599500847162,2.5242026914117264,-0.11127882731606241,-0.2322378216102141,2.2039830173559434,2.2371062213326924,1.3329640012308905,1.3844106978867348,-0.23091718893054042,-0.23174221469609307,-0.19957940394144208,-0.23174221469609307,-0.23174221469609307,-0.23174221469609307,-0.23174221469609307,2.2973472641496953,2.297045921623931,2.5699596142503704,1.0241353072785744,1.396648698865086,0.871619752633561,-0.9504806161585997,-0.005665481148172251
1.8499498858572727,-0.508169347713875,-0.989280323784243,-0.13109712430036713,-0.9192897144280147,-0.2993180851764654,0.4607394907665281,-0.18153221516553747,0.16603214592381035,-0.5252070844631328,-0.5176358669044037,-0.45013115029665945,-0.2327207632243672,-0.2322378216102141,-0.49834935870187763,-0.48557561017836315,-0.4817179021845204,-0.45678636150816493,-0.23091718893054042,-0.23174221469609307,-0.19957940394144208,-0.23174221469609307,-0.23174221469609307,-0.23174221469609307,-0.23174221469609307,-0.4353172017822484,-0.4353174572177226,-0.40379220368721236,-0.2744111144164163,1.8831733169709926,0.871619752633561,-0.9504806161585997,-0.0056656274267672035
-0.7343723094881281,-0.508169347713875,-0.8674544142095423,-0.13109712430036713,-0.9192897144280147,-0.10587998180281623,-1.0867775708184941,-0.18153221516553747,-0.9154411240078206,-0.5252070844631328,-0.5176358669044037,-0.45013115029665945,-0.2327207632243672,-0.2322378216102141,-0.49834935870187763,-0.48557561017836315,-0.4817179021845204,-0.45678636150816493,-0.23091718893054042,-0.23174221469609307,-0.19957940394144208,-0.23174221469609307,-0.23174221469609307,-0.23174221469609307,-0.23174221469609307,-0.4353172017822484,-0.4353174572177226,-0.40379220368721236,-0.2744111144164163,-0.6189532904308123,0.871619752633561,0.8154476468656437,-0.005643590986701005
1.8787713229800838,-0.508169347713875,-0.989280323784243,-0.13109712430036713,0.6785256113279476,-0.2993180851764654,2.0082565523515505,5.511304580647226,-0.4120266002836265,-0.5252070844631328,-0.5176358669044037,-0.45013115029665945,-0.2327207632243672,-0.2322378216102141,-0.49834935870187763,-0.48557561017836315,-0.4817179021845204,-0.45678636150816493,-0.23091718893054042,-0.23174221469609307,-0.19957940394144208,-0.23174221469609307,-0.23174221469609307,-0.23174221469609307,-0.23174221469609307,-0.4353172017822484,-0.4353174572177226,-0.40379220368721236,-0.2744111144164163,1.9179250754071286,0.871619752633561,-0.9504806161585997,-0.0056656274267672035
-0.7343723094881281,-0.508169347713875,1.0665319002888327,-0.32556265234328996,0.6785256113279476,-0.2993180851764654,0.4607394907665281,-0.18153221516553747,-0.8824587931431321,-0.5252070844631328,-0.5176358669044037,-0.45013115029665945,-0.2327207632243672,-0.2322378216102141,-0.49834935870187763,-0.48557561017836315,-0.4817179021845204,-0.45678636150816493,-0.23091718893054042,-0.23174221469609307,-0.19957940394144208,-0.23174221469609307,-0.23174221469609307,-0.23174221469609307,-0.23174221469609307,-0.4353172017822484,-0.4353174572177226,-0.40379220368721236,-0.2744111144164163,-0.6189532904308123,-1.1472892817981049,0.8154476468656437,-0.005661462789129204
-0.7343723094881281,-0.508169347713875,-0.8674544142095423,-0.13109712430036713,-0.9192897144280147,-0.10587998180281623,-1.0867775708184941,-0.18153221516553747,-0.9154411240078206,-0.5252070844631328,-0.5176358669044037,-0.45013115029665945,-0.2327207632243672,-0.2322378216102141,-0.49834935870187763,-0.48557561017836315,-0.4817179021845204,-0.45678636150816493,-0.23091718893054042,-0.23174221469609307,-0.19957940394144208,-0.23174221469609307,-0.23174221469609307,-0.23174221469609307,-0.23174221469609307,-0.4353172017822484,-0.4353174572177226,-0.40379220368721236,-0.2744111144164163,-0.6189532904308123,0.871619752633561,0.8154476468656437,-0.0049387325198800265
1.8787713229800838,-0.508169347713875,-0.989280323784243,-0.13109712430036713,0.6785256113279476,-0.2993180851764654,2.0082565523515505,5.511304580647226,-0.11952540287836187,-0.5252070844631328,-0.5176358669044037,-0.45013115029665945,-0.2327207632243672,-0.2322378216102141,-0.49834935870187763,-0.48557561017836315,-0.4817179021845204,-0.45678636150816493,-0.23091718893054042,-0.23174221469609307,-0.19957940394144208,-0.23174221469609307,-0.23174221469609307,-0.23174221469609307,-0.23174221469609307,-0.4353172017822484,-0.4353174572177226,-0.40379220368721236,-0.2744111144164163,1.9179250754071286,0.871619752633561,-0.9504806161585997,-0.0056656274267672035
-0.7343723094881281,-0.508169347713875,1.0665319002888327,-0.13109712430036713,-0.9192897144280147,-0.10587998180281623,-1.0867775708184941,-0.18153221516553747,0.3318117563226398,-0.5252070844631328,-0.5176358669044037,-0.45013115029665945,-0.2327207632243672,-0.2322378216102141,-0.49834935870187763,-0.48557561017836315,-0.4817179021845204,-0.45678636150816493,-0.23091718893054042,-0.23174221469609307,-0.19957940394144208,-0.23174221469609307,-0.23174221469609307,-0.23174221469609307,-0.23174221469609307,-0.4353172017822484,-0.4353174572177226,-0.40379220368721236,-0.2744111144164163,-0.6189532904308123,-1.1472892817981049,0.8154476468656437,-0.005664532488461983
1.8403427401496688,-0.508169347713875,-0.989280323784243,-0.13109712430036713,-0.9192897144280147,-0.2993180851764654,0.4607394907665281,-0.18153221516553747,-0.8520803305046031,-0.5252070844631328,-0.5176358669044037,-0.45013115029665945,-0.2327207632243672,-0.2322378216102141,-0.49834935870187763,-0.48557561017836315,-0.4817179021845204,-0.45678636150816493,-0.23091718893054042,-0.23174221469609307,-0.19957940394144208,-0.23174221469609307,-0.23174221469609307,-0.23174221469609307,-0.23174221469609307,-0.4353172017822484,-0.4353174572177226,-0.40379220368721236,-0.2744111144164163,1.8715893974922804,0.871619752633561,-0.9504806161585997,-0.0056656274267672035
-0.7343723094881281,-0.508169347713875,-0.8674544142095423,-0.13109712430036713,-0.9192897144280147,-0.10587998180281623,-1.0867775708184941,-0.18153221516553747,-0.9154411240078206,-0.5252070844631328,-0.5176358669044037,-0.45013115029665945,-0.2327207632243672,-0.2322378216102141,-0.49834935870187763,-0.48557561017836315,-0.4817179021845204,-0.45678636150816493,-0.23091718893054042,-0.23174221469609307,-0.19957940394144208,-0.23174221469609307,-0.23174221469609307,-0.23174221469609307,-0.23174221469609307,-0.4353172017822484,-0.4353174572177226,-0.40379220368721236,-0.2744111144164163,-0.6189532904308123,0.871619752633561,0.8154476468656437,-0.0056545919974880995
-0.7343723094881281,-0.508169347713875,1.0665319002888327,-0.32556265234328996,0.6785256113279476,-0.2993180851764654,0.4607394907665281,-0.18153221516553747,0.15908849732071803,-0.5252070844631328,-0.5176358669044037,-0.45013115029665945,-0.2327207632243672,-0.2322378216102141,-0.49834935870187763,-0.48557561017836315,-0.4817179021845204,-0.45678636150816493,-0.23091718893054042,-0.23174221469609307,-0.19957940394144208,-0.23174221469609307,-0.23174221469609307,-0.23174221469609307,-0.23174221469609307,-0.4353172017822484,-0.4353174572177226,-0.40379220368721236,-0.2744111144164163,-0.6189532904308123,-1.1472892817981049,0.8154476468656437,-0.005663697840010408
-0.7343723094881281,-0.508169347713875,1.0665319002888327,-0.13109712430036713,-0.9192897144280147,-0.10587998180281623,-1.0867775708184941,-0.18153221516553747,2.2673538044346278,-0.5252070844631328,-0.5176358669044037,-0.45013115029665945,-0.2327207632243672,-0.2322378216102141,-0.49834935870187763,-0.48557561017836315,-0.4817179021845204,-0.45678636150816493,-0.23091718893054042,-0.23174221469609307,-0.19957940394144208,-0.23174221469609307,-0.23174221469609307,-0.23174221469609307,-0.23174221469609307,-0.4353172017822484,-0.4353174572177226,-0.40379220368721236,-0.2744111144164163,-0.6189532904308123,-1.1472892817981049,0.8154476468656437,-0.005661649939683417
1.86916417727248,-0.508169347713875,-0.989280323784243,-0.13109712430036713,0.6785256113279476,-0.2993180851764654,2.0082565523515505,5.511304580647226,-0.5222570218577173,-0.5252070844631328,-0.5176358669044037,-0.45013115029665945,-0.2327207632243672,-0.2322378216102141,-0.49834935870187763,-0.48557561017836315,-0.4817179021845204,-0.45678636150816493,-0.23091718893054042,-0.23174221469609307,-0.19957940394144208,-0.23174221469609307,-0.23174221469609307,-0.23174221469609307,-0.23174221469609307,-0.4353172017822484,-0.4353174572177226,-0.40379220368721236,-0.2744111144164163,1.9063411559284165,0.871619752633561,-0.9504806161585997,-0.0056656274267672035
-0.7343723094881281,-0.508169347713875,1.0665319002888327,-0.32556265234328996,0.6785256113279476,-0.2993180851764654,0.4607394907665281,-0.18153221516553747,-0.21413261509549492,-0.5252070844631328,-0.5176358669044037,-0.45013115029665945,-0.2327207632243672,-0.2322378216102141,-0.49834935870187763,-0.48557561017836315,-0.4817179021845204,-0.45678636150816493,-0.23091718893054042,-0.23174221469609307,-0.19957940394144208,-0.23174221469609307,-0.23174221469609307,-0.23174221469609307,-0.23174221469609307,-0.4353172017822484,-0.4353174572177226,-0.40379220368721236,-0.2744111144164163,-0.6189532904308123,-1.1472892817981049,0.8154476468656437,-0.005665098242439256
1.1774496863250121,2.295983158213856,-0.989280323784243,-0.32556265234328996,0.6785256113279476,-0.2993180851764654,0.4607394907665281,-0.18153221516553747,-0.8824587931431321,1.9038497625851918,1.9318599500847162,2.36223401686325,-0.22909123848397359,-0.2322378216102141,2.2039830173559434,2.2371062213326924,1.3329640012308905,1.3844106978867348,-0.23091718893054042,-0.23174221469609307,-0.19957940394144208,-0.23174221469609307,-0.23174221469609307,-0.23174221469609307,-0.23174221469609307,2.2973472641496953,2.297045921623931,2.390227361517879,0.14210377556122217,1.2692255845992533,0.871619752633561,-0.9504806161585997,-0.00566558440365141
1.2446997062782383,2.295983158213856,1.1122166163793454,-0.32556265234328996,0.6785256113279476,-0.2993180851764654,0.4607394907665281,-0.18153221516553747,-0.5864857714363213,1.9038497625851918,1.9318599500847162,2.4653049915759166,-0.19603313476741568,-0.2322378216102141,2.2039830173559434,2.2371062213326924,1.3329640012308905,1.3844106978867348,-0.23091718893054042,-0.23174221469609307,-0.19957940394144208,-0.23174221469609307,-0.23174221469609307,-0.23174221469609307,-0.23174221469609307,2.2973472641496953,2.297045921623931,2.5046024314385553,0.6076204173009357,1.3503130209502379,0.871619752633561,-0.9504806161585997,-0.0056651089982180085
-0.2924436069383571,-0.508169347713875,1.1122166163793454,-0.32556265234328996,0.6785256113279476,-0.2993180851764654,0.4607394907665281,-0.18153221516553747,-0.23322764875399885,-0.5252070844631328,-0.5176358669044037,-0.45013115029665945,-0.2327207632243672,-0.2322378216102141,-0.49834935870187763,-0.48557561017836315,-0.4817179021845204,-0.45678636150816493,-0.23091718893054042,-0.23174221469609307,-0.19957940394144208,-0.23174221469609307,-0.23174221469609307,-0.23174221469609307,-0.23174221469609307,-0.4353172017822484,-0.4353174572177226,-0.40379220368721236,-0.2744111144164163,-0.6189532904308123,-1.1472892817981049,-3.157890944938904,-0.0056653198114870445
1.8595570315648764,-0.508169347713875,-0.989280323784243,-0.13109712430036713,-0.9192897144280147,-0.2993180851764654,0.4607394907665281,-0.18153221516553747,-0.7817758883982933,-0.5252070844631328,-0.5176358669044037,-0.45013115029665945,-0.2327207632243672,-0.2322378216102141,-0.49834935870187763,-0.48557561017836315,-0.4817179021845204,-0.45678636150816493,-0.23091718893054042,-0.23174221469609307,-0.19957940394144208,-0.23174221469609307,-0.23174221469609307,-0.23174221469609307,-0.23174221469609307,-0.4353172017822484,-0.4353174572177226,-0.40379220368721236,-0.2744111144164163,1.8947572364497045,0.871619752633561,-0.9504806161585997,-0.0056656274267672035
